{"name":"ccfd665a-ab01-4b2a-8f64-c3efa14db84a","id":"/providers/Microsoft.Flow/flows/ccfd665a-ab01-4b2a-8f64-c3efa14db84a","type":"Microsoft.Flow/flows","properties":{"apiId":"/providers/Microsoft.PowerApps/apis/shared_logicflows","displayName":"Usage Tracking V2","definition":{"metadata":{"workflowEntityId":null,"creator":{"id":"f4a24d53-25f1-4ea1-a06d-a93a798be105","type":"User","tenantId":"72f988bf-86f1-41af-91ab-2d7cd011db47"},"provisioningMethod":"FromDefinition","failureAlertSubscription":true,"clientLastModifiedTime":"2020-04-10T18:38:01.4548052Z"},"$schema":"https://schema.management.azure.com/providers/Microsoft.Logic/schemas/2016-06-01/workflowdefinition.json#","contentVersion":"1.0.0.0","parameters":{"$connections":{"defaultValue":{},"type":"Object"},"$authentication":{"defaultValue":{},"type":"SecureObject"}},"triggers":{"manual":{"type":"Request","kind":"Http","inputs":{"schema":{},"method":"GET","relativePath":"UserData/{Data}"}}},"actions":{"HTTP":{"runAfter":{},"type":"Http","inputs":{"method":"GET","uri":"https://github.com/savoy9/AlexsPublicPowerBIStuff/blob/master/PBIPixel.png"}},"Response":{"runAfter":{"HTTP":["Succeeded"]},"type":"Response","kind":"Http","inputs":{"statusCode":200,"headers":{"Content-Type":"image/png"},"body":"@body('HTTP')"}},"Report_Name":{"runAfter":{"User":["Succeeded"]},"type":"InitializeVariable","inputs":{"variables":[{"name":"Report Name","type":"string","value":"@{first(skip(split(variables('Cleaned Package'),';'),1))}"}]}},"Primary_Data_Source":{"runAfter":{"Report_Owner_Contact":["Succeeded"]},"type":"InitializeVariable","inputs":{"variables":[{"name":"Primary Data Source","type":"string","value":"@{first(skip(split(variables('Cleaned Package'),';'),4))}"}]}},"Report_Page_State":{"runAfter":{"Query_Time":["Succeeded"]},"type":"InitializeVariable","inputs":{"variables":[{"name":"Report Page State","type":"string","value":"@{first(skip(split(variables('Cleaned Package'),';'),6))}"}]}},"Context_State_List":{"runAfter":{"Model_Refresh":["Succeeded"]},"type":"InitializeVariable","inputs":{"variables":[{"name":"Context State List","type":"string","value":"@{first(skip(split(variables('Cleaned Package'),';'),9))}"}]}},"User":{"runAfter":{"Initialize_variable":["Succeeded"]},"type":"InitializeVariable","inputs":{"variables":[{"name":"User","type":"string","value":"@{first(split(variables('Cleaned Package'),';'))}"}]}},"Report_Owner_Contact":{"runAfter":{"Workspace_Name":["Succeeded"]},"type":"InitializeVariable","inputs":{"variables":[{"name":"Report Owner Contact","type":"string","value":"@{first(skip(split(variables('Cleaned Package'),';'),3))}"}]}},"Query_Time":{"runAfter":{"Primary_Data_Source":["Succeeded"]},"type":"InitializeVariable","inputs":{"variables":[{"name":"Query Time","type":"string","value":"@{first(skip(split(variables('Cleaned Package'),';'),5))}"}]}},"Other_Data":{"runAfter":{"Context_State_List":["Succeeded"]},"type":"InitializeVariable","inputs":{"variables":[{"name":"Other Data","type":"string","value":"@{first(skip(split(variables('Cleaned Package'),';'),10))}"}]}},"Workspace_Name":{"runAfter":{"Report_Name":["Succeeded"]},"type":"InitializeVariable","inputs":{"variables":[{"name":"Workspace Name","type":"string","value":"@{first(skip(split(variables('Cleaned Package'),';'),2))}"}]}},"Initialize_variable":{"runAfter":{"HTTP":["Succeeded"]},"type":"InitializeVariable","inputs":{"variables":[{"name":"Cleaned Package","type":"string","value":"@{replace(triggerOutputs()['relativePathParameters']['Data'],'%20',' ')}"}]}},"Freshness_Metadata":{"runAfter":{"Report_Page_State":["Succeeded"]},"type":"InitializeVariable","inputs":{"variables":[{"name":"Freshness Metadata","type":"string","value":"@{first(skip(split(variables('Cleaned Package'),';'),7))}"}]}},"Model_Refresh":{"runAfter":{"Freshness_Metadata":["Succeeded"]},"type":"InitializeVariable","inputs":{"variables":[{"name":"Model Refresh","type":"string","value":"@{first(skip(split(variables('Cleaned Package'),';'),8))}"}]}},"Insert_row_(V2)_2":{"runAfter":{"Other_Data":["Succeeded"]},"metadata":{"flowSystemMetadata":{"swaggerOperationId":"PostItem_V2"}},"type":"ApiConnection","inputs":{"host":{"connection":{"name":"@parameters('$connections')['shared_sql']['connectionId']"},"api":{"runtimeUrl":"https://firstrelease-001.azure-apim.net/apim/sql"}},"method":"post","body":{"UserName":"@variables('User')","ReportName":"@variables('Report Name')","WorkspaceName":"@variables('Workspace Name')","ReportOwnerContact":"@variables('Report Owner Contact')","PrimaryDataSource":"@variables('Primary Data Source')","Querytime":"@variables('Query Time')","ReportPageState":"@variables('Report Page State')","RefreshMetadata":"@variables('Freshness Metadata')","DumpFilters":"@variables('Context State List')","OtherData":"@variables('Other Data')","ModelRefresh":"@variables('Model Refresh')"},"path":"/v2/datasets/@{encodeURIComponent(encodeURIComponent('msaopssearchpbi.database.windows.net'))},@{encodeURIComponent(encodeURIComponent('MSAOpsSearchPBIDev'))}/tables/@{encodeURIComponent(encodeURIComponent('[dbo].[PBIUsagetracking_RawData]'))}/items","authentication":"@parameters('$authentication')"}}},"outputs":{},"description":"This Flow will create an Azure AD User from an HTTP Request. Using this Flow helps ease on-boarding processes when adding new users to your Azure AD tenant."},"connectionReferences":{"shared_sql":{"connectionName":"shared-sql-56210086-285f-4d41-86c0-808f1ba825ee","source":"Embedded","id":"/providers/Microsoft.PowerApps/apis/shared_sql","tier":"NotSpecified"}},"flowFailureAlertSubscribed":false}}